id,company_name,folder,batch,list_email,outreach_email,sent,sent_date,sent_to,sent_cc,contact_sent,subject_sent,notes
1,ADRIONIX SOFTWARE SOLUTIONS LLP,adrionix-software-solutions-llp,2026-09-08,adrionixsoftwaresolutions@gmail.com,adrionixsoftwaresolutions@gmail.com,no,,,,,,
2,BIANSH TECHNOLOGIES PRIVATE LIMITED,biansh-technologies-private-limited,2026-09-08,support@bianshtechnologies.com,support@bianshtechnologies.com,no,,,,,,
3,PRARTHANAS TECHNOLOGIES INDIA PRIVATE LIMITED,prarthanas-technologies-india-private-limited,2026-09-08,prarthanastech@gmail.com,prarthanastech@gmail.com,no,,,,,,
4,REPLATE PRIVATE LIMITED,replate-private-limited,2026-09-08,founders@tryreplate.com,founders@tryreplate.com,yes,2026-09-08,founders@tryreplate.com; Aditya.arya.ggn@gmail.com,,Karan Singh Gujral; Aditya Arya,"Karan/Aditya, 2,000 bags in 35 outlets - who's watching the rupees behind them?",
5,K&R MOTORRAD PRIVATE LIMITED,kandr-motorrad-private-limited,2026-09-08,krmotorrad@gmail.com,krmotorrad@gmail.com,yes,2026-09-08,krmotorrad@gmail.com,,Sai Kumar Keshamoni; Lakshmi Nivas Ravinuthala,Your prototype spend is already becoming an asset,
6,N Green,n-green,2026-09-08,ngreen0279@gmail.com,ngreen0279@gmail.com,yes,2026-09-08,ngreen0279@gmail.com,sales@ngreen.in,Venkata Naveen Damaraju,The paperwork behind your DRDO story?,
7,JONNA ROTTE HEALTH FOODS PRIVATE LIMITED,jonna-rotte-health-foods-private-limited,2026-09-08,jonnarottehealthfoods@gmail.com,jonnarottehealthfoods@gmail.com,yes,2026-09-08,jonnarottehealthfoods@gmail.com,,Radha Lakshmi Kondaveeti; Jaya Dev Vangipuram,"Radha Lakshmi & Jaya Dev, one deadline for Jonna Rotte",
8,EVTAAR SOFTWARE SOLUTIONS PRIVATE LIMITED,evtaar-software-solutions-private-limited,2026-09-08,contact@evtaar.com,contact@evtaar.com,no,,,,,,
9,MYTHOS INDIA STUDIOS PRIVATE LIMITED,mythos-india-studios-private-limited,2026-09-08,ceo@mythosindiastudio.com,ceo@mythosindiastudio.com,no,,,,,,
10,MURALI ADVERTISING AND TRAVELS PRIVATE LIMITED,murali-advertising-and-travels-private-limited,2026-09-08,info@maatpl.com,info@maatpl.com,no,,,,,,
11,S-TIER COLLECTIVE PRIVATE LIMITED,s-tier-collective-private-limited,2026-09-08,stiermediapvtltd@gmail.com,stiermediapvtltd@gmail.com,no,,,,,,
12,KAIOTIX TECHNOLOGIES PRIVATE LIMITED,kaiotix-technologies-private-limited,2026-09-08,sales@kaiotix.com,sales@kaiotix.com,no,,,,,,
13,BAIKAL BRAINS LLP,baikal-brains-llp,2026-09-08,ashrita@tonabolic.com,ashrita@tonabolic.com,no,,,,,,
14,JAXTAN COMMUNICATIONS (OPC) PRIVATE LIMITED,jaxtan-communications-opc-private-limited,2026-09-08,venugarghi2004@gmail.com,venugarghi2004@gmail.com,no,,,,,,
15,V COSMETIC CRAFTERS PRIVATE LIMITED,v-cosmetic-crafters-private-limited,2026-09-08,phani.friendly@gmail.com,phani.friendly@gmail.com,yes,2026-09-08,phani.friendly@gmail.com,,Phani Samantapoodi,"Phani, 10 lakh customers - but does your storefront pass India's e-commerce rules?",
16,TALENT EMPOWERMENT SOLUTIONS,talent-empowerment-solutions,2026-09-08,tes@talentempowermentsolutions.com,tes@talentempowermentsolutions.com,no,,,,,,
17,SKMC PRIVATE LIMITED,skmc-private-limited,2026-09-08,venkatreddy@v-star.in,venkatreddy@v-star.in,no,,,,,,
18,ATHARIA PRIVATE LIMITED,atharia-private-limited,2026-09-08,shadaab164@gmail.com,shadaab164@gmail.com,no,,,,,,
19,MELLOWCARBON CLIMAG PRIVATE LIMITED,mellowcarbon-climag-private-limited,2026-09-08,contact@urvichar.com,contact@urvichar.com,no,,,,,,
20,DOORMILE TECHNOLOGIES PRIVATE LIMITED,doormile-technologies-private-limited,2026-09-08,doormile.compliance@gmail.com,doormile.compliance@gmail.com,no,,,,,,
21,NIVEDITA AI LLP,nivedita-ai-llp,2026-09-08,contact@nivedita.ai,contact@nivedita.ai,no,,,,,,
22,LUX HOSPITALS PRIVATE LIMITED,lux-hospitals-private-limited,2026-09-08,raj@luxhospitals.com,raj@luxhospitals.com,yes,2026-09-08,raj@luxhospitals.com,,Rajesh Reddy,"Rajesh, 30 insurers on your panel - how much revenue is still sitting with them?",
23,Cyberekta,cyberekta,2026-09-08,info@cyberekta.com,info@cyberekta.com,no,,,,,,
24,APEX AGRINOVA PRIVATE LIMITED,apex-agrinova-private-limited,2026-09-08,info@speedarp.com,apexagrinova@gmail.com,yes,2026-09-08,apexagrinova@gmail.com,,Syed Abdul Sami Razvi; Razia Sultana,"Syed, Razia, one thing I'd fix before Apex starts buying",LIST EMAIL SWAPPED with Speedarp. Sent to corrected apexagrinova@gmail.com
25,Speedarp Solutions,speedarp-solutions,2026-09-08,apexagrinova@gmail.com,info@speedarp.com,no,,,,,,LIST EMAIL SWAPPED with Apex. Correct outreach: info@speedarp.com. NOT sent yet
26,SPERAANZA REMEDIES PRIVATE LIMITED,speraanza-remedies-private-limited,2026-09-08,harinukavalli23@gmail.com,harinukavalli23@gmail.com,yes,2026-09-08,harinukavalli23@gmail.com,,Hari Kumar Nukavalli,"Hari, one thing to sort before Speraanza starts manufacturing",
27,Auven Healthtech,auven-healthtech,2026-09-08,raoplns@gmail.com,raoplns@gmail.com,yes,2026-09-08,raoplns@gmail.com,,Rao Panidapu,"Rao, One MCA filing before The Cura scales?",
28,ZAPSAM MOBILITY TECHNOLOGIES PRIVATE LIMITED,zapsam-mobility-technologies-private-limited,2026-09-08,admin@zapsam.com,admin@zapsam.com,yes,2026-09-08,admin@zapsam.com,,Sanketh Akula; Satyanarayana Akula,The money sitting in Zapsam wallets,
29,PataKaro,patakaro,2026-09-08,csvenkatreddy@gmail.com,csvenkatreddy@gmail.com,no,,,,,,
30,FlickerBytes Private Limited,flickerbytes-private-limited,2026-09-08,sales.niyam@flickerbytes.com,sales.niyam@flickerbytes.com,no,,,,,,
31,BaseLayers Studio,baselayers-studio,2026-09-08,hello@baselayersstudio.in,hello@baselayersstudio.in,no,,,,,,
32,Bhuvanya Life Enterprises Private Limited,bhuvanya-life-enterprises-private-limited,2026-09-08,saikumarvemula@gmail.com,saikumarvemula@gmail.com,no,,,,,,
33,SKYNEST TRAVELS (OPC) PRIVATE LIMITED,skynest-travels-opc-private-limited,2026-09-09,infoskynesttravels@gmail.com,infoskynesttravels@gmail.com,no,,,,,,draft ready v1; multi-send: 1 emails on file
34,AEKAM AI (OPC) PVT LTD,aekam-ai-opc-pvt-ltd,2026-09-09,hello@aekam.ai,hello@aekam.ai; ny@aekam.ai,no,,,,,,draft ready v1 · prefer hello@ over ny@; multi-send: 2 emails on file
35,GREENCELL LIFE SCIENCES,greencell-life-sciences,2026-09-09,,,no,,,,,,
36,Klarixa Private Limited,klarixa-private-limited,2026-09-09,contact@klarixa.ai,contact@klarixa.ai,no,,,,,,draft ready v1 · site founders ≠ MCA directors; multi-send: 1 emails on file
37,NAYTHRA AI APPLICATIONS (OPC) PRIVATE LIMITED,naythra-ai-applications-opc-private-limited,2026-09-09,,,no,,,,,,
38,KAVACHRIX PRIVATE LIMITED,kavachrix-private-limited,2026-09-09,dinesh@kavachrix.com,dinesh@kavachrix.com; hr@kavachrix.com,no,,,,,,draft ready v1; multi-send: 2 emails on file
39,COGNITI.AI CFO LLP (DPIIT COGNITLAI),cognitlai-cfo-llp,2026-09-09,,,no,,,,,,peer skip - sells VCFO
40,RAKSHA MICROSYSTEMS PRIVATE LIMITED,raksha-microsystems-private-limited,2026-09-09,,,no,,,,,,
41,HELIONIX MATERIALS PRIVATE LIMITED,helionix-materials-private-limited,2026-09-09,,,no,,,,,,
42,AECLEAN ENTERPRISES (OPC) PRIVATE LIMITED,aeclean-enterprises-opc-private-limited,2026-09-09,info@aeclean.in,info@aeclean.in,no,,,,,,
43,Marka Energies,marka-energies,2026-09-09,,,no,,,,,,
44,SANDHYA TRACKS & ENGINEERS PRIVATE LIMITED,sandhya-tracks-and-engineers-private-limited,2026-09-09,rajeshamgudla@gmail.com,rajeshamgudla@gmail.com,no,,,,,,draft ready v1 · MCA Gmail; multi-send: 1 emails on file
45,Basil Prime LLP,basil-prime-llp,2026-09-09,info@Basilprime.com,info@Basilprime.com,no,,,,,,draft ready v1; multi-send: 1 emails on file
46,Talent Connector,talent-connector,2026-09-09,,,no,,,,,,
47,VSR INFRA PROJECTS,vsr-infra-projects,2026-09-09,,,no,,,,,,
48,ELEWINTECH SYSTEMS PRIVATE LIMITED,elewintech-systems-private-limited,2026-09-09,,,no,,,,,,
49,SK RYDO PRIVATE LIMITED (Hailo),sk-rydo-private-limited,2026-09-09,support@hailoindia.com,Skrydocomp@gmail.com; support@hailoindia.com,no,,,,,,draft ready v1 · prefer MCA Gmail over support@; multi-send: 2 emails on file
50,SRI CONSTRUCTIONS,sri-constructions,2026-09-09,,,no,,,,,,
51,S CUBE CREATIVES,s-cube-creatives,2026-09-09,,,no,,,,,,same person as Apex Agrinova (Syed Abdul Sami Razvi) - already mailed 2026-09-08 via Apex; do not mail
52,AKSA LIFE SCIENCES PRIVATE LIMITED,aksa-life-sciences-private-limited,2026-09-09,info@aksalifesciences.com,info@aksalifesciences.com; aksalifesciences@gmail.com,no,,,,,,draft ready v1; multi-send: 2 emails on file
53,AUGMENT NUTRIENTS PRIVATE LIMITED,augment-nutrients-private-limited,2026-09-09,info@augmentnutrients.in,info@augmentnutrients.in; accounts@matrixseafoods.com,no,,,,,,draft ready v1; multi-send: 2 emails on file
54,AYASTRA PROJECTS (OPC) PRIVATE LIMITED,ayastra-projects-opc-private-limited,2026-09-09,,,no,,,,,,
55,REFINE HEALTHCARE PRIVATE LIMITED,refine-healthcare-private-limited,2026-09-09,,,no,,,,,,
56,VERKINA TECH PRIVATE LIMITED (DPIIT VERKIINA),verkiina-tech-private-limited,2026-09-09,support@verkina.com,support@verkina.com,no,,,,,,draft ready v1; multi-send: 1 emails on file
57,SHRI L X SOFTWARE SOLUTIONS PRIVATE LIMITED,shri-l-x-software-solutions-private-limited,2026-09-09,,,no,,,,,,
58,Nandanavanam Farms,nandanavanam-farms,2026-09-09,,,no,,,,,,
59,CloudVana Solutions,cloudvana-solutions,2026-09-09,,,no,,,,,,
60,GBS COLLECTIVE PRIVATE LIMITED,gbs-collective-private-limited,2026-09-09,,,no,,,,,,
61,BRILLIOSYS TECHNOLOGIES PRIVATE LIMITED,brilliosys-technologies-private-limited,2026-09-09,,,no,,,,,,
62,NVOSYS / Nvoisys Healthtech,nvosys-healthtech-private-limited,2026-09-09,info@nvoisyshealth.com,info@nvoisyshealth.com,no,,,,,,draft ready v1 · CIN still missing; multi-send: 1 emails on file
63,CI FERRO TECHNOLOGIES PRIVATE LIMITED,ci-ferro-technologies-private-limited,2026-09-09,TBD,TBD,no,,,,,,
64,ABHIRAM NATURALS PRIVATE LIMITED,abhiram-naturals-private-limited,2026-09-09,info@abhiramnaturals.com,info@abhiramnaturals.com,no,,,,,,draft ready v1; multi-send: 1 emails on file
65,AKASH INNOTECH PRIVATE LIMITED,akash-innotech-private-limited,2026-09-09,hr@akashinnotech.com,hr@akashinnotech.com,no,,,,,,
66,Zilink / Zlink Medical Labs,zilink-medical-labs-pvt,2026-09-09,TBD,TBD,no,,,,,,
67,RYVENTOR RESEARCH LAB PRIVATE LIMITED,ryventor-research-lab-private-limited,2026-09-09,manojgargh241@gmail.com,manojgargh241@gmail.com,no,,,,,,
68,A V R INFRA PROJECTS INDIA PRIVATE LIMITED,a-v-r-infra-projects-india-private-limited,2026-09-09,TBD,TBD,no,,,,,,
69,PAW BUDDY PRIVATE LIMITED,paw-buddy-private-limited,2026-09-09,,,no,,,,,,
70,MEENAKSHI CON,meenakshi-con,2026-09-09,TBD,TBD,no,,,,,,
71,JK PAINTS AND SANITARY MART,jk-paints-and-sanitary-mart,2026-09-09,TBD,TBD,no,,,,,,
72,SRI MALLIKARJUNA POLYMERS PRIVATE LIMITED,sri-mallikarjuna-polymers-private-limited,2026-09-09,TBD,TBD,no,,,,,,
73,REVALUE GLOBAL PRIVATE LIMITED,revalue-global-private-limited,2026-09-09,,,no,,,,,,
74,ESSENCE & THREADS (OPC) PRIVATE LIMITED,essence-and-threads-opc-private-limited,2026-09-09,shehla.niyaz@gmail.com,shehla.niyaz@gmail.com,no,,,,,,
75,AZULCANZES / Azulganzes Technologies,azulcanzes-technologies-private-limited,2026-09-09,contact@azulganzestechnologies.com,contact@azulganzestechnologies.com,no,,,,,,
76,Idania / Idanta AI Private Limited,idania-ai-private-limited,2026-09-09,,,no,,,,,,
77,SSS AUTOMATION SYSTEMS,sss-automation-systems,2026-09-09,,,no,,,,,,
78,AILENC PRIVATE LIMITED,ailenc-private-limited,2026-09-09,hello@ailenc.com,hello@ailenc.com,no,,,,,,draft ready v1; multi-send: 1 emails on file
79,ROYSTIAN ADVANCED TECHNOLOGIES PVT LTD,roystian-advanced-technologies-pvt-ltd,2026-09-09,operations@roystianfoundation.com,operations@roystianfoundation.com,no,,,,,,draft ready v1; multi-send: 1 emails on file
80,SEQUIL ADVISORY PRIVATE LIMITED,sequil-advisory-private-limited,2026-09-09,,,no,,,,,,peer skip - NIC 69 accounting
81,Emorova / Emprova Investigators LLP,emorova-investigators-llp,2026-09-09,,,no,,,,,,
82,DOCUSWIFT SOLUTIONS LLP,docuswift-solutions-llp,2026-09-09,sumed.yasaswi@docuswift.in,sumed.yasaswi@docuswift.in; support@docuswift.in; support@locusstandi.ai,no,,,,,,draft ready v1; multi-send: 3 emails on file
83,SENTVIS TECHNOLOGIES PRIVATE LIMITED,sentvis-technologies-private-limited,2026-09-16,,,no,,,,,,email gap · CIN U62011TS2026PTC215599
84,IBEST SOLUTIONS PRIVATE LIMITED,ibest-solutions-private-limited,2026-09-16,info@ibestsolutions.com,info@ibestsolutions.com,no,,,,,,researched · draft next · Ramanjaneyulu Prathi
85,INSIGHTS VALUE HUB PRIVATE LIMITED,insights-value-hub-private-limited,2026-09-16,,,no,,,,,,email gap · CIN U86900TS2026PTC211550
86,TRILOKYA TRAVELS AND EVENTS PRIVATE LIMITED,trilokya-travels-and-events-private-limited,2026-09-16,,,no,,,,,,email gap · CIN U82300TS2026PTC221131
87,ADHIRA BUILDX PRIVATE LIMITED,adhira-buildx-private-limited,2026-09-16,,,no,,,,,,identity hypothesis · ?Adhira Infra LLP
88,EEE Labs,eee-labs,2026-09-16,,,no,,,,,,identity unresolved
89,HAMSIKA DAIRY PRIVATE LIMITED,hamsika-dairy-private-limited,2026-09-16,,,no,,,,,,identity unresolved
90,JOEYWISETECHNOLOGIES,joeywisetechnologies,2026-09-16,,,no,,,,,,identity unresolved
91,Pazarror Technologies Private Limited,pazarror-technologies-private-limited,2026-09-16,,,no,,,,,,identity hypothesis · ?Pazamor
92,MarketingNuts Advertising Agency,marketingnuts-advertising-agency,2026-09-16,,,no,,,,,,brand/phone only · no CIN
93,HUMIN HEALTHCARE PRIVATE LIMITED,humin-healthcare-private-limited,2026-09-16,,,no,,,,,,identity unresolved
94,FURNIT ENTERPRISES,furnit-enterprises,2026-09-16,,,no,,,,,,identity unresolved
95,KRUTRIM SPACE TECH LLP,krutrim-space-tech-llp,2026-09-16,,,no,,,,,,email gap · LLPIN ACX-6206 · ≠ Ola Krutrim
96,BYTEVOLT IQ PRIVATE LIMITED,bytevolt-iq-private-limited,2026-09-16,navyasree419@gmail.com,navyasree419@gmail.com,no,,,,,,researched · draft next · Navya Sri Puchakayala
97,PRAXEUM INTELLIGENCE PRIVATE LIMITED,praxeum-intelligence-private-limited,2026-09-16,,,no,,,,,,identity unresolved
98,PERMAMIND PRIVATE LIMITED,permamind-private-limited,2026-09-16,,,no,,,,,,identity unresolved / thin brand
99,PARINAYAA MATRIMONY SERVICES PRIVATE LIMITED,parinayaa-matrimony-services-private-limited,2026-09-16,,,no,,,,,,email gap · CIN U96091TS2026PTC219536
100,net wave solutions,net-wave-solutions,2026-09-16,,,no,,,,,,identity unresolved
101,JOEL TECHNICAL SOLUTIONS PRIVATE LIMITED,joel-technical-solutions-private-limited,2026-09-16,info@joeltechnicalsolutions.com,info@joeltechnicalsolutions.com,no,,,,,,researched · draft next · Nirmal Kumar Duddu
102,SRI TULASI TECH LABS LLP,sri-tulasi-tech-labs-llp,2026-09-16,,,no,,,,,,identity unresolved / thin brand
103,VENEER CRAFT MODULAR INTERIORS LLP,veneer-craft-modular-interiors-llp,2026-09-16,,,no,,,,,,email gap · LLPIN ADA-2757
104,BSSR Labs (OPC) Ltd,bssr-labs-opc-private-limited,2026-09-16,santosh.bhima@gmail.com,santosh.bhima@gmail.com,no,,,,,,researched · draft next · Santosh Bhima
105,Shubh hotels india private limited,shubh-hotels-india-private-limited,2026-09-16,,,no,,,,,,identity unresolved
106,SAKHI TECHNOLOGIES (OPC) PRIVATE LIMITED,sakhi-technologies-opc-private-limited,2026-09-16,,,no,,,,,,identity unresolved
107,PINECONE TECH PRIVATE LIMITED,pinecone-tech-private-limited,2026-09-16,,,no,,,,,,identity unresolved · ≠ US Pinecone
108,AYVAA HEALTHCARE TECHNOLOGIES PRIVATE LIMITED,ayvaa-healthcare-technologies-private-limited,2026-09-16,support@ayvaa.com,support@ayvaa.com,no,,,,,,researched · draft next · Sai Prudvi Raj Yerrapragada
109,CODEREPORT LLP,codereport-llp,2026-09-16,codereport007@gmail.com,codereport007@gmail.com,no,,,,,,researched · draft next · Vivek Mishra
110,Madakshila Con,madakshila-con,2026-09-16,,,no,,,,,,identity unresolved
111,MAAVI LEARNING PRIVATE LIMITED,maavi-learning-private-limited,2026-09-16,contact@maavilearning.com,contact@maavilearning.com; info@maavilearning.com,no,,,,,,researched · draft next · CIN gap · Madhusudhan Raju
112,UNITED SKILLFORCE SOLUTIONS,united-skillforce-solutions,2026-09-16,,,no,,,,,,identity unresolved
113,NCILIOUS PHARMACEUTICAL PRIVATE LIMITED,ncilious-pharmaceutical-private-limited,2026-09-16,,,no,,,,,,identity unresolved
114,SANTHOSHI GREEN FUEL PRIVATE LIMITED,santhoshi-green-fuel-private-limited,2026-09-16,,,no,,,,,,email gap · CIN U35200TS2026PTC219017
115,WOGI AI-INTELLIGENCE PRIVATE LIMITED,wogi-ai-intelligence-private-limited,2026-09-16,,,no,,,,,,email gap · CIN U62013TS2026PTC221417
116,WISH INTERNATIONAL EDUCATION PRIVATE LIMITED,wish-international-education-private-limited,2026-09-16,,,no,,,,,,identity unresolved
117,MEDINOVEX PHARMACEUTICAL PRIVATE LIMITED,medinovex-pharmaceutical-private-limited,2026-09-16,,,no,,,,,,identity unresolved
118,KYZENTRA.AI PRIVATE LIMITED,kyzentra-ai-private-limited,2026-09-16,official@kyzentra.in,official@kyzentra.in; careers@kyzentra.in,no,,,,,,researched · draft next · CIN gap · Md Irfan
119,EATRIX TECHNOLOGIES LLP,eatrix-technologies-llp,2026-09-16,,,no,,,,,,identity unresolved
120,Sonsyscope,sonsyscope,2026-09-16,,,no,,,,,,identity unresolved
121,JELLYBEANS EDUMANAGEMENT PRIVATE LIMITED,jellybeans-edumanagement-private-limited,2026-09-16,chairman@jbempl.net,chairman@jbempl.net,no,,,,,,researched · draft next · Mohammed Mustafa Shariff
122,PULSARK HEALTHTECH PRIVATE LIMITED,pulsark-healthtech-private-limited,2026-09-16,,,no,,,,,,identity unresolved
123,REVALUE GLOBAL PRIVATE LIMITED,revalue-global-private-limited,2026-09-16,,,no,,,,,,reuse from 2026-09-09 · email gap
124,NEXVYN,nexvyn,2026-09-16,hello@nexvyn.io,hello@nexvyn.io,no,,,,,,researched · draft next · CIN gap
125,hometotal expert solutions pvt ltd,home-total-expert-solutions-private-limited,2026-09-16,hometotal.pvtltd@gmail.com,hometotal.pvtltd@gmail.com,no,,,,,,researched · draft next · Anu Deep Kuncha Kurthi
126,SUNILOGIC PRIVATE LIMITED,sunilogic-private-limited,2026-09-16,,,no,,,,,,identity unresolved
127,PAASLO TECHNOLOGIES PRIVATE LIMITED,paaslo-technologies-private-limited,2026-09-16,kurumell@paaslo.com,kurumell@paaslo.com,no,,,,,,researched · draft next · CIN gap · Ganesh Kurumella
128,NORTHBRIDGE STRATEGY PRIVATE LIMITED,northbridge-strategy-private-limited,2026-09-16,,,no,,,,,,domain only · CIN U62010TS2026PTC212229
129,ECOVEX EAZYSERVICES PRIVATE LIMITED,ecovex-eazyservices-private-limited,2026-09-16,info@eazyservices.in,info@eazyservices.in,no,,,,,,researched · draft next · CIN gap
130,HOLMES AI PRIVATE LIMITED,holmes-ai-private-limited,2026-09-16,contact@holmesops.ai,contact@holmesops.ai,no,,,,,,researched · draft next · Mani Gorti
131,RIVARA BRANDS PRIVATE LIMITED,rivara-brands-private-limited,2026-09-16,,,no,,,,,,phone/LinkedIn only · CIN gap
132,ACE VOXEL SYSTEMS LLP,ace-voxel-systems-llp,2026-09-16,,,no,,,,,,identity unresolved
133,STHIRABHAVA PRIVATE LIMITED,sthirabhava-private-limited,2026-09-18,emolit@sthirabhava.com,emolit@sthirabhava.com,yes,2026-09-18,emolit@sthirabhava.com,,Pallavi,,sent 2026-09-18
134,STAR FIT INDIA PRIVATE LIMITED,star-fit-india-private-limited,2026-09-18,info@starfitindia.com,info@starfitindia.com; starfitindia9@gmail.com,yes,2026-09-18,info@starfitindia.com; starfitindia9@gmail.com,,Mamta,,sent 2026-09-18
135,BREATHEASY PRIVATE LIMITED,breatheasy-private-limited,2026-09-18,hello@breatheasy.com,hello@breatheasy.com; hello@breatheasycollective.com,yes,2026-09-18,hello@breatheasy.com; hello@breatheasycollective.com,,Samridhi,,sent 2026-09-18
136,NEUARA HOLISTIC LIFESTYLE PRIVATE LIMITED,neuara-holistic-lifestyle-private-limited,2026-09-18,admin@neuara.com,admin@neuara.com; neuaraholisticlifestyle@gmail.com,yes,2026-09-18,admin@neuara.com; neuaraholisticlifestyle@gmail.com,,Adithya,,sent 2026-09-18
137,KRIDHEA VENTURES PRIVATE LIMITED,kridhea-ventures-private-limited,2026-09-18,kridhea001@outlook.com,kridhea001@outlook.com,yes,2026-09-18,kridhea001@outlook.com,,Sai Krishna,,sent 2026-09-18
138,MOBEERA GLOBAL ENTERPRISES PRIVATE LIMITED,mobeera-global-enterprises-private-limited,2026-09-18,info@mobeeraglobal.com,info@mobeeraglobal.com,yes,2026-09-18,info@mobeeraglobal.com,,Mobeena,,sent 2026-09-18
139,TALKING TALES REHABILITATION SERVICES PRIVATE LIMITED,talking-tales-rehabilitation-services-private-limited,2026-09-18,info@thetalkingtales.com,info@thetalkingtales.com; info@talkingtales.com; clivedonal94@gmail.com,yes,2026-09-18,info@thetalkingtales.com; info@talkingtales.com; clivedonal94@gmail.com,,Aishwarya,,sent 2026-09-18
140,SAKUTUMBAM AGRITECH PRIVATE LIMITED,sakutumbam-agritech-private-limited,2026-09-18,lavanya.sunkari@zenani.in,lavanya.sunkari@zenani.in; ya.sunkari@zenani.in,yes,2026-09-18,lavanya.sunkari@zenani.in; ya.sunkari@zenani.in,,Lavanya,,sent 2026-09-18
141,ALKAIONE LIFE PRIVATE LIMITED,alkaione-life-private-limited,2026-09-18,hello@alkaione.com,hello@alkaione.com; anand@alkaione.com,yes,2026-09-18,hello@alkaione.com; anand@alkaione.com,,Anand,,sent 2026-09-18
142,SHRI LAKSHMI KOHINOOR ENTERPRISES PRIVATE LIMITED,shri-lakshmi-kohinoor-enterprises-private-limited,2026-09-18,team@kohinoorelite.com,team@kohinoorelite.com; service@kohinoorelite.com,yes,2026-09-18,team@kohinoorelite.com; service@kohinoorelite.com,,Vishal,,sent 2026-09-18
143,KUVERA COSMETICS PRIVATE LIMITED,kuvera-cosmetics-private-limited,2026-09-18,reachout@kuveracosmetics.com,reachout@kuveracosmetics.com,yes,2026-09-18,reachout@kuveracosmetics.com,,Avinash,,sent 2026-09-18
144,BLOOMERSAI INNOVATIONS PRIVATE LIMITED,bloomersai-innovations-private-limited,2026-09-18,trupti@bloomers.ai,trupti@bloomers.ai; truptigavit100@gmail.com,yes,2026-09-18,trupti@bloomers.ai; truptigavit100@gmail.com,,Trupti,,sent 2026-09-18
145,KEYSTONE NEOGREENS PRIVATE LIMITED,keystone-neogreens-private-limited,2026-09-18,hello@neogreens.com,hello@neogreens.com; care@neogreens.com,yes,2026-09-18,hello@neogreens.com; care@neogreens.com,,Dinesh,,sent 2026-09-18
146,GLOWBARESKIN LUXE PRIVATE LIMITED,glowbareskin-luxe-private-limited,2026-09-18,info@glowbareskin.com,info@glowbareskin.com; areskin@gmail.com,yes,2026-09-18,info@glowbareskin.com; areskin@gmail.com,,Meghana,,sent 2026-09-18
147,YUKTHA WELLNESS AI PRIVATE LIMITED,yuktha-wellness-ai-private-limited,2026-09-18,info@yuktha.com,info@yuktha.com; support@yuktha.com; drbeegala@gmail.com,yes,2026-09-18,info@yuktha.com; support@yuktha.com; drbeegala@gmail.com,,Samyuktha,,sent 2026-09-18
148,STARLET FITNESS PRIVATE LIMITED,starlet-fitness-private-limited,2026-09-18,info@starletfitness.com,info@starletfitness.com; santosh.starlet@gmail.com,yes,2026-09-18,info@starletfitness.com; santosh.starlet@gmail.com,,Santosh,,sent 2026-09-18
149,FORESEE MEDTECH PRIVATE LIMITED,foresee-medtech-private-limited,2026-09-18,sandhya@4ccancer.com,sandhya@4ccancer.com,yes,2026-09-18,sandhya@4ccancer.com,,Sandhya,,sent 2026-09-18
150,NARICO NATURALS LLP,narico-naturals-llp,2026-09-18,info@nariconaturals.com,info@nariconaturals.com,yes,2026-09-18,info@nariconaturals.com,,Ananya,,sent 2026-09-18
151,NATURALIEF VERANTRA PRIVATE LIMITED,naturalief-verantra-private-limited,2026-09-18,connect@naturalief.in,connect@naturalief.in; naturaliefverantra@gmail.com,yes,2026-09-18,connect@naturalief.in; naturaliefverantra@gmail.com,,Pritee,,sent 2026-09-18
152,YSTEM AI HEALTH SOLUTIONS PRIVATE LIMITED,ystem-ai-health-solutions-private-limited,2026-09-18,contact@ystemaihealth.com,contact@ystemaihealth.com; raghavendralokineni@gmail.com,yes,2026-09-18,contact@ystemaihealth.com; raghavendralokineni@gmail.com,,Raghavendar,Hi Raghavendar hospital pilots and dietitian SaaS. Same Ystem invoice?,sent 2026-09-18
153,VALAN LIFE SCIENCES PRIVATE LIMITED,valan-life-sciences-private-limited,2026-09-23,rutuja.k@valanlifesciences.com,rutuja.k@valanlifesciences.com; valanlifescience@gmail.com; Rutujarkhutade@gmail.com,no,,,,,,draft ready v1 · Rutuja; multi-send: 3 emails on file
154,PROGENICS LABORATORIES PRIVATE LIMITED,progenics-laboratories-private-limited,2026-09-23,connect@progenicslabs.com,connect@progenicslabs.com; lab.progenics@gmail.com; prologgenomics@outlook.com,no,,,,,,draft ready v1 · Prasad; multi-send: 3 emails on file
155,COLOSTOCARE PRIVATE LIMITED,colostocare-private-limited,2026-09-23,info@colostocare.in,info@colostocare.in; customercare@colostocare.in; colostocare@gmail.com,no,,,,,,draft ready v1 · Rahul; skip oceanthemes vendor; multi-send: 3 emails on file
156,NABI HEALTH PRIVATE LIMITED,nabi-health-private-limited,2026-09-23,reachout@nabi.health,reachout@nabi.health; swethadutt@gmail.com,no,,,,,,draft ready v1 · Swetha; multi-send: 2 emails on file
157,KUREMIC PRIVATE LIMITED,kuremic-private-limited,2026-09-23,gayatri.g@kuremic.com,gayatri.g@kuremic.com,no,,,,,,draft ready v1 · Gayatri; multi-send: 1 emails on file
158,MINERAL NUTRIENTS MFG LLP,mineral-nutrients-mfg-llp,2026-09-23,info@mineralnutrients.in,info@mineralnutrients.in; morenutrients.in@gmail.com,no,,,,,,draft ready v1 · Sreenadh; multi-send: 2 emails on file
159,NR CHEMBIOSCIENCES (OPC) PRIVATE LIMITED,nr-chembiosciences-opc-private-limited,2026-09-23,info@nrchembio.com,info@nrchembio.com; sales@nrchembio.com; revathi.msc2014@gmail.com,no,,,,,,draft ready v1 · Revathi; multi-send: 3 emails on file
160,LAKSHA WELL-BEING PRIVATE LIMITED,laksha-well-being-private-limited,2026-09-23,maithreye@miracleme.co,maithreye@miracleme.co; team@miracleme.in,no,,,,,,draft ready v1 · Maithreye; multi-send: 2 emails on file
161,OMNI HEALTHCARE / EDVENSWA,omni-healthcare-solutions-private-limited,2026-09-23,admin@edvenswa.com,admin@edvenswa.com; info@edvenswa.com; hyd@edvenswa-ayurveda.com; bd@edvenswapharma.com,no,,,,,,draft ready v1 · Anupama; multi-send: 4 emails on file
162,BHAVYA LIFE AND WELLNESS PRIVATE LIMITED,bhavya-life-and-wellness-private-limited,2026-09-23,info@bhavyahealthcare.com,info@bhavyahealthcare.com; byrapureddy@gmail.com,no,,,,,,draft ready v1 · Sreenatha; multi-send: 2 emails on file
163,INLINE PHARMACEUTICALS PRIVATE LIMITED,inline-pharmaceuticals-private-limited,2026-09-23,connect@inlinepharma.com,connect@inlinepharma.com; inline@inlinepharma.com; harry@inlinepharma.com; ganesh.harry@gmail.com,no,,,,,,draft ready v1 · Srilakshmi; multi-send: 4 emails on file
164,SMALLJOYS PRIVATE LIMITED,smalljoys-private-limited,2026-09-23,contact@smalljoys.life,contact@smalljoys.life; shilpa.koneru@gmail.com; sourav@smalljoys.life,no,,,,,,draft ready v1 · Shilpa; multi-send: 3 emails on file
165,MINTBAGG PRIVATE LIMITED,mintbagg-private-limited,2026-09-23,krishna@mintbagg.com,krishna@mintbagg.com; tramms@gmail.com; help@chronocure.com; help@mintbagg.com,no,,,,,,draft ready v1 · Krishna; multi-send: 4 emails on file
166,SECOND INNINGS HOUSE PRIVATE LIMITED,second-innings-house-private-limited,2026-09-23,info@secondinningshouse.com,info@secondinningshouse.com; madhuakella21@gmail.com,no,,,,,,draft ready v1 · Madhuri; multi-send: 2 emails on file
167,WALERIA HEALTHTECH PRIVATE LIMITED,waleria-healthtech-private-limited,2026-09-23,info@waleriahealthtech.com,info@waleriahealthtech.com; komalbaldwa@gmail.com,no,,,,,,draft ready v1 · Komal; skip Baldwa Group unless confirmed; multi-send: 2 emails on file
168,GIOSUN HEALTHCARE PRIVATE LIMITED,giosun-healthcare-private-limited,2026-09-23,info@giosun.in,info@giosun.in; erepalli@gmail.com,no,,,,,,draft ready v1 · Sreekanth; multi-send: 2 emails on file
169,JSD FITNESS SERVICES PRIVATE LIMITED,jsd-fitness-services-private-limited,2026-09-23,pankaj_m@urlife.co.in,pankaj_m@urlife.co.in; sandeep@transformfitness.in,no,,,,,,draft ready v1 · Pankaj; multi-send: 2 emails on file
170,AMITOJAS WELLNESS PRIVATE LIMITED,amitojas-wellness-private-limited,2026-09-23,contact@amitojas.com,contact@amitojas.com,no,,,,,,draft ready v1 · Manjunatha; multi-send: 1 emails on file
171,SRI VENKATESWARA COIR PRODUCTS PRIVATE LIMITED (Relaxwell),sri-venkateswara-coir-products-private-limited,2026-09-23,info@relaxwell.in,info@relaxwell.in; relaxwellmattresses@gmail.com,no,,,,,,draft ready v1 · Bharatkumar; multi-send: 2 emails on file
172,TUSKER PHARMA INDIA PRIVATE LIMITED,tusker-pharma-india-private-limited,2026-09-23,info@tuskerpharma.com,info@tuskerpharma.com; harish@tuskerpharma.com; nikhil@tuskerpharma.com; ram@tuskerpharma.com; rinky.harwani@tuskerpharma.com,no,,,,,,draft ready v1 · Harish; multi-send: 5 emails on file
173,RESTORE EARTH HEALTH,restoreearth-health,2026-09-26,support@restoreearth.health,support@restoreearth.health,yes,2026-09-26,support@restoreearth.health,,,,sent 2026-09-26
174,HOLISTICHEALHUB (OPC) PRIVATE LIMITED,holistichealhub-opc-private-limited,2026-09-26,drmadhavi2002@gmail.com,drmadhavi2002@gmail.com; DrMadhavi@holistichealhub.org,yes,2026-09-26,drmadhavi2002@gmail.com; DrMadhavi@holistichealhub.org,,,,sent 2026-09-26
175,78 SKINCOSMETIC PRIVATE LIMITED,78-skincosmetic-private-limited,2026-09-26,hello@78labs.in,hello@78labs.in,yes,2026-09-26,hello@78labs.in,,,,sent 2026-09-26
176,ELEMENTIX FIT 36 PRIVATE LIMITED,elementix-fit-36-private-limited,2026-09-26,info@eixfit.com,info@eixfit.com,yes,2026-09-26,info@eixfit.com,,,,sent 2026-09-26
177,GENORA HEALTHCARE PRIVATE LIMITED,genora-healthcare-private-limited,2026-09-26,info@genorahealthcare.com,info@genorahealthcare.com,yes,2026-09-26,info@genorahealthcare.com,,,,sent 2026-09-26
178,NAPPILOS LLP,nappilos-llp,2026-09-26,hello@nappilos.com,hello@nappilos.com; support@nappilos.com,yes,2026-09-26,hello@nappilos.com; support@nappilos.com,,,,sent 2026-09-26
179,ABIVIR FITNESS LLP,abivir-fitness-llp,2026-09-26,kondapur@pilatesacademydubai.com,kondapur@pilatesacademydubai.com; ramyamadipalli@gmail.com,yes,2026-09-26,kondapur@pilatesacademydubai.com; ramyamadipalli@gmail.com,,,,sent 2026-09-26
180,CHEKOTI BIO ORGANIC PRODUCTS LLP,chekoti-bio-organic-products-llp,2026-09-26,cbop.marketing@gmail.com,cbop.marketing@gmail.com; chek.organics@gmail.com,yes,2026-09-26,cbop.marketing@gmail.com; chek.organics@gmail.com,,,,sent 2026-09-26
181,QUATRO ESSENTIALS LLP,quatro-essentials-llp,2026-09-26,Ketaki.bpatil@gmail.com,Ketaki.bpatil@gmail.com,yes,2026-09-26,Ketaki.bpatil@gmail.com,,,,sent 2026-09-26
182,AUMVEDA WELLNESS LLP,aumveda-wellness-llp,2026-09-26,aumvedawellness@gmail.com,aumvedawellness@gmail.com,yes,2026-09-26,aumvedawellness@gmail.com,,,,sent 2026-09-26
183,KRISHAVAA LIFESCIENCES PRIVATE LIMITED,krishavaa-lifesciences-private-limited,2026-09-26,Krishavaa.ls@gmail.com,Krishavaa.ls@gmail.com,yes,2026-09-26,Krishavaa.ls@gmail.com,,,,sent 2026-09-26
184,BHAAVA AYURVEDA LLP,bhaava-ayurveda-llp,2026-09-26,support@bhaavawellness.com,support@bhaavawellness.com,yes,2026-09-26,support@bhaavawellness.com,,,,sent 2026-09-26
185,BOTANIC VILLE PRIVATE LIMITED,botanic-ville-private-limited,2026-09-26,Info.botanicville@gmail.com,Info.botanicville@gmail.com,yes,2026-09-26,Info.botanicville@gmail.com,,,,sent 2026-09-26
186,PROREHAB APRSS LLP,prorehab-aprss-llp,2026-09-26,prorehabsports@gmail.com,prorehabsports@gmail.com; habsports@gmail.com,yes,2026-09-26,prorehabsports@gmail.com; habsports@gmail.com,,,,sent 2026-09-26
187,MYNDMESH TECHNOLOGIES,myndmesh-technologies,2026-09-26,contact@myndmesh.in,contact@myndmesh.in,yes,2026-09-26,contact@myndmesh.in,,,,sent 2026-09-26
188,GOLDEN RATIO BIOSCIENCES LLP,golden-ratio-biosciences-llp,2026-09-26,support@goldenratiobs.com,support@goldenratiobs.com; apurva241619@gmail.com,yes,2026-09-26,support@goldenratiobs.com; apurva241619@gmail.com,,,,sent 2026-09-26
189,ISTA LIFE CARE PRIVATE LIMITED,ista-life-care-private-limited,2026-09-26,info@istalife.com,info@istalife.com; ysanjith@gmail.com,yes,2026-09-26,info@istalife.com; ysanjith@gmail.com,,,,sent 2026-09-26
190,AYURSTHANA PRIVATE LIMITED,ayursthana-private-limited,2026-09-26,yerramsetty.pallavi17@gmail.com,yerramsetty.pallavi17@gmail.com; msetty.pallavi17@gmail.com; suppoer@ayursthana.in,yes,2026-09-26,yerramsetty.pallavi17@gmail.com; msetty.pallavi17@gmail.com; suppoer@ayursthana.in,,,,sent 2026-09-26
191,INNER WHISPERS WELLNESS LLP,inner-whispers-wellness-llp,2026-09-26,contact@innerwhispers.in,contact@innerwhispers.in,yes,2026-09-26,contact@innerwhispers.in,,,,sent 2026-09-26
192,TRUE PILATES LLP,true-pilates-llp,2026-09-26,truepilatesllp@gmail.com,truepilatesllp@gmail.com,yes,2026-09-26,truepilatesllp@gmail.com,,,,sent 2026-09-26
193,GIGAGYM INDIA (OPC) PRIVATE LIMITED,gigagym-india-opc-private-limited,2026-09-26,gigagymofficial@gmail.com,gigagymofficial@gmail.com,yes,2026-09-26,gigagymofficial@gmail.com,,,,sent 2026-09-26
194,PAUSE WELLNESS MEDLEY PRIVATE LIMITED,pause-wellness-medley-private-limited,2026-09-26,Pausewm@gmail.com,Pausewm@gmail.com,yes,2026-09-26,Pausewm@gmail.com,,,,sent 2026-09-26
195,ROGUEX INNOVATIONS (OPC) PRIVATE LIMITED,roguex-innovations-opc-private-limited,2026-09-26,contact@roguex.in,contact@roguex.in; cynicalsage03@gmail.com,yes,2026-09-26,contact@roguex.in; cynicalsage03@gmail.com,,,,sent 2026-09-26
196,HEALTHONUS TECHNOLOGIES PRIVATE LIMITED,healthonus-technologies-private-limited,2026-09-26,contactus@healthonus.io,contactus@healthonus.io; customersupport@healthonus.io; healthonuscorps@healthonus.io; d.bharatreddy@gmail.com,yes,2026-09-26,contactus@healthonus.io; customersupport@healthonus.io; healthonuscorps@healthonus.io; d.bharatreddy@gmail.com,,,,sent 2026-09-26
197,AELIVRA PRIVATE LIMITED,aelivra-private-limited,2026-09-26,hello@aelivra.co,hello@aelivra.co; aelivraprivatelimited@gmail.com,yes,2026-09-26,hello@aelivra.co; aelivraprivatelimited@gmail.com,,,,sent 2026-09-26
198,MOUNTAINOR WELL BEING PRIVATE LIMITED,mountainor-well-being-private-limited,2026-09-26,care@monoskin.health,care@monoskin.health; care@mountainor.com; syed.Munawwer@Mountainor.com,yes,2026-09-26,care@monoskin.health; care@mountainor.com; syed.Munawwer@Mountainor.com,,,,sent 2026-09-26
199,MOONSHOT ADVISORY PRIVATE LIMITED,moonshot-advisory-private-limited,2026-09-26,connect@aavinyaastrategies.com,connect@aavinyaastrategies.com; moonshot@aavinyaastrategies.com; moonshot.iapl@gmail.com,yes,2026-09-26,connect@aavinyaastrategies.com; moonshot@aavinyaastrategies.com; moonshot.iapl@gmail.com,,,,sent 2026-09-26
200,AHAM NATURAL,aham-natural,2026-09-26,support@ahamnatural.com,support@ahamnatural.com; ahamnatural@gmail.com,yes,2026-09-26,support@ahamnatural.com; ahamnatural@gmail.com,,,,sent 2026-09-26
201,OVISA CARE PRIVATE LIMITED,ovisa-care-private-limited,2026-09-26,Care@reverseall.in,Care@reverseall.in; ovisacare@gmail.com,yes,2026-09-26,Care@reverseall.in; ovisacare@gmail.com,,,,sent 2026-09-26
202,RUNVERVE PRIVATE LIMITED,runverve-private-limited,2026-09-26,outreach@runverve.tech,outreach@runverve.tech; anil@runverve.tech,yes,2026-09-26,outreach@runverve.tech; anil@runverve.tech,,,,sent 2026-09-26
203,SHUDDA HATHA YOGA PRIVATE LIMITED,shudda-hatha-yoga-private-limited,2026-09-26,shuddahathayoga@gmail.com,shuddahathayoga@gmail.com,yes,2026-09-26,shuddahathayoga@gmail.com,,,,sent 2026-09-26
204,FRIENNLYTICS INNOVATIONS PRIVATE LIMITED,friennlytics-innovations-private-limited,2026-09-26,team@friennly.in,team@friennly.in,yes,2026-09-26,team@friennly.in,,,,sent 2026-09-26
205,HIRRANYAH GLOBAL TRADERS PRIVATE LIMITED,hirranyah-global-traders-private-limited,2026-09-26,hirranyahglobaltraders@gmail.com,hirranyahglobaltraders@gmail.com,yes,2026-09-26,hirranyahglobaltraders@gmail.com,,,,sent 2026-09-26
206,EIRAVEDA GLOBAL PRIVATE LIMITED,eiraveda-global-private-limited,2026-09-26,admin@eiraveda.com,admin@eiraveda.com,yes,2026-09-26,admin@eiraveda.com,,,,sent 2026-09-26
207,MELORA NATURAE PRIVATE LIMITED,melora-naturae-private-limited,2026-09-26,meloranaturae@gmail.com,meloranaturae@gmail.com,yes,2026-09-26,meloranaturae@gmail.com,,,,sent 2026-09-26
208,DHYOTA GLOBAL HEALTHCARE SOLUTIONS PRIVATE LIMITED,dhyota-global-healthcare-solutions-private-limited,2026-09-26,drragoori@gmail.com,drragoori@gmail.com,yes,2026-09-26,drragoori@gmail.com,,,,sent 2026-09-26
209,NIRVAHA WELLNESS LLP,nirvaha-wellness-llp,2026-09-26,nirvaha6@gmail.com,nirvaha6@gmail.com,yes,2026-09-26,nirvaha6@gmail.com,,,,sent 2026-09-26
210,XIAONICS PRIVATE LIMITED,xiaonics-private-limited,2026-09-26,himiig1993@gmail.com,himiig1993@gmail.com,yes,2026-09-26,himiig1993@gmail.com,,,,sent 2026-09-26
211,NPROBIOT WELLNESS LLP,nprobiot-wellness-llp,2026-09-26,nprobiothealth@gmail.com,nprobiothealth@gmail.com,yes,2026-09-26,nprobiothealth@gmail.com,,,,sent 2026-09-26
212,HEALTHEEK GLOBAL PRIVATE LIMITED,healtheek-global-private-limited,2026-09-26,info@healtheek.com,info@healtheek.com; healtheekg@gmail.com,yes,2026-09-26,info@healtheek.com; healtheekg@gmail.com,,,,sent 2026-09-26
213,AGINGSHIELD WELLNESS PRIVATE LIMITED,agingshield-wellness-private-limited,2026-09-26,bitsachint@gmail.com,bitsachint@gmail.com,yes,2026-09-26,bitsachint@gmail.com,,,,sent 2026-09-26
214,SPILORA NATURALS PRIVATE LIMITED,spilora-naturals-private-limited,2026-09-26,mouthfirst1@gmail.com,mouthfirst1@gmail.com,yes,2026-09-26,mouthfirst1@gmail.com,,,,sent 2026-09-26
215,IRIS GLOBAL ENTERPRISES PRIVATE LIMITED,iris-global-enterprises-private-limited,2026-09-26,irisglobalenterprisepvtltd@gmail.com,irisglobalenterprisepvtltd@gmail.com,yes,2026-09-26,irisglobalenterprisepvtltd@gmail.com,,,,sent 2026-09-26
216,NUTRISIGN LABS PRIVATE LIMITED,nutrisign-labs-private-limited,2026-09-26,nutrisign@gmail.com,nutrisign@gmail.com,yes,2026-09-26,nutrisign@gmail.com,,,,sent 2026-09-26
217,MEDPRISM HEALTHCARE PRIVATE LIMITED,medprism-healthcare-private-limited,2026-09-26,dineshmudirajnr@gmail.com,dineshmudirajnr@gmail.com,yes,2026-09-26,dineshmudirajnr@gmail.com,,,,sent 2026-09-26
218,THE FACE VALUE GROUP PRIVATE LIMITED,the-face-value-group-private-limited,2026-09-26,thefacevalue.official@gmail.com,thefacevalue.official@gmail.com,yes,2026-09-26,thefacevalue.official@gmail.com,,,,sent 2026-09-26
219,INSTA SHEILD HYGIENE PRIVATE LIMITED,insta-sheild-hygiene-private-limited,2026-09-26,instasheild@gmail.com,instasheild@gmail.com,yes,2026-09-26,instasheild@gmail.com,,,,sent 2026-09-26
220,CYCLESYNC INNOVATIONS PRIVATE LIMITED,cyclesync-innovations-private-limited,2026-09-26,Founder.cyclesnc@gmail.com,Founder.cyclesnc@gmail.com,yes,2026-09-26,Founder.cyclesnc@gmail.com,,,,sent 2026-09-26
221,SAAZ HEALTHCARE PRIVATE LIMITED,saaz-healthcare-private-limited,2026-09-26,xdrehan46@gmail.com,xdrehan46@gmail.com,yes,2026-09-26,xdrehan46@gmail.com,,,,sent 2026-09-26
222,SHAZES / FLYIRA,shazes-flyira,2026-09-26,care@flyira.com,care@flyira.com; care@shazes.com; distributorship@flyira.com; reseller@flyira.com,yes,2026-09-26,care@flyira.com; care@shazes.com; distributorship@flyira.com; reseller@flyira.com,,,,sent 2026-09-26
223,NEUURO ACTIVE CDC PRIVATE LIMITED,neuuro-active-cdc-private-limited,2026-09-29,cxo.dbs@gmail.com,cxo.dbs@gmail.com,yes,2026-09-29,cxo.dbs@gmail.com,,,,sent 2026-09-29
224,AADARSH VIDA ENTERPRISES PRIVATE LIMITED,aadarsh-vida-enterprises-private-limited,2026-09-29,sales.manager@havmoca.com,sales.manager@havmoca.com,yes,2026-09-29,sales.manager@havmoca.com,,,,sent 2026-09-29
225,VITALWAVE ENTERPRISES PRIVATE LIMITED,vitalwave-enterprises-private-limited,2026-09-29,vitalwaveenterprises@gmail.com,vitalwaveenterprises@gmail.com,yes,2026-09-29,vitalwaveenterprises@gmail.com,,,,sent 2026-09-29
226,BALA KARTHIKAYA FOODS LLP,bala-karthikaya-foods-llp,2026-09-29,accounts@bkfoods.in,accounts@bkfoods.in; info@bkfoods.in,yes,2026-09-29,accounts@bkfoods.in; info@bkfoods.in,,,,sent 2026-09-29
227,TELOMERASE 24SEVEN MART PRIVATE LIMITED,telomerase-24seven-mart-private-limited,2026-09-29,founder.giridhari@gmail.com,founder.giridhari@gmail.com; support@iamfit.club,yes,2026-09-29,founder.giridhari@gmail.com; support@iamfit.club,,,,sent 2026-09-29
228,SAMVAAD CONNECT LLP,samvaad-connect-llp,2026-09-29,info@ammaliving.in,info@ammaliving.in; samvaadconnect@gmail.com,yes,2026-09-29,info@ammaliving.in; samvaadconnect@gmail.com,,,,sent 2026-09-29
229,FITETSE PULSE PRIVATE LIMITED,fitetse-pulse-private-limited,2026-09-29,fitetse@gmail.com,fitetse@gmail.com; info@icepulse.in,yes,2026-09-29,fitetse@gmail.com; info@icepulse.in,,,,sent 2026-09-29
230,NASIRA NUTRACEUTICALS PRIVATE LIMITED,nasira-nutraceuticals-private-limited,2026-09-29,brand@nasiranutraceuticals.com,brand@nasiranutraceuticals.com; Nasira.alhijazi@gmail.com,yes,2026-09-29,brand@nasiranutraceuticals.com; Nasira.alhijazi@gmail.com,,,,sent 2026-09-29
231,RAKSHA HIGIENE PRIVATE LIMITED,raksha-higiene-private-limited,2026-09-29,info@rakshahygiene.com,info@rakshahygiene.com; rishithamaddela9@gmail.com,yes,2026-09-29,info@rakshahygiene.com; rishithamaddela9@gmail.com,,,,sent 2026-09-29
232,AMAARI HEALTHCARE LLP,amaari-healthcare-llp,2026-09-29,care@amaari.life,care@amaari.life,yes,2026-09-29,care@amaari.life,,,,sent 2026-09-29
233,WHOLISTICAL LIVING PRIVATE LIMITED,wholistical-living-private-limited,2026-09-29,thepureprinciples@gmail.com,thepureprinciples@gmail.com,yes,2026-09-29,thepureprinciples@gmail.com,,,,sent 2026-09-29
234,MAHADHYUTA HERBALS LLP,mahadhyuta-herbals-llp,2026-09-29,sales@mahadhyutaherbals.com,sales@mahadhyutaherbals.com; nglucky01@gmail.com,yes,2026-09-29,sales@mahadhyutaherbals.com; nglucky01@gmail.com,,,,sent 2026-09-29
235,FOODCRIPTION PRIVATE LIMITED,foodcription-private-limited,2026-09-29,foodcription@gmail.com,foodcription@gmail.com,yes,2026-09-29,foodcription@gmail.com,,,,sent 2026-09-29
236,TIONAT NEOCARE PRIVATE LIMITED,tionat-neocare-private-limited,2026-09-29,vamsipriya_potharaju@yahoo.in,vamsipriya_potharaju@yahoo.in,yes,2026-09-29,vamsipriya_potharaju@yahoo.in,,,,sent 2026-09-29
237,FITSPHERE GLOBAL CONSULTING PRIVATE LIMITED,fitsphere-global-consulting-private-limited,2026-09-29,support@fitsphereindia.com,support@fitsphereindia.com; fitsphereofficial5@gmail.com,yes,2026-09-29,support@fitsphereindia.com; fitsphereofficial5@gmail.com,,,,sent 2026-09-29
238,PAYGO.FIT,paygofit,2026-09-29,hello@paygo.fit,hello@paygo.fit,yes,2026-09-29,hello@paygo.fit,,,,sent 2026-09-29
239,NUTSBY FITCARE LLP,nutsby-fitcare-llp,2026-09-29,care@nutsby.com,care@nutsby.com; info@nutsby.com,yes,2026-09-29,care@nutsby.com; info@nutsby.com,,,,sent 2026-09-29
240,MOREN INTERNATIONAL PRIVATE LIMITED,moren-international-private-limited,2026-09-29,care@babybamp.com,care@babybamp.com; Babybamp.com@gmail.com,yes,2026-09-29,care@babybamp.com; Babybamp.com@gmail.com,,,,sent 2026-09-29
241,KBSLEOION PRIVATE LIMITED,kbsleoion-private-limited,2026-09-29,info@leoion.com,info@leoion.com; orders@leoion.com,yes,2026-09-29,info@leoion.com; orders@leoion.com,,,,sent 2026-09-29
242,ACTIVE ORIGINS / BHOMA LLP,bhoma-active-origins-llp,2026-09-29,apoorv.kaleido@gmail.com,apoorv.kaleido@gmail.com,yes,2026-09-29,apoorv.kaleido@gmail.com,,,,sent 2026-09-29
243,Good Barley,good-barley-agri-products-private-limited,2026-09-29,goodbarleyco@gmail.com,goodbarleyco@gmail.com,yes,2026-10-04,goodbarleyco@gmail.com,,Mujeeb,who owns month-end?,sent 2026-10-04 pack 2026-09-29
244,Krishnaveni Hospital,krishnaveni-hosptial-llp,2026-09-29,Krisveni77@gmail.com,Krisveni77@gmail.com,yes,2026-10-04,Krisveni77@gmail.com,,Krishna Veni,clinic month-end,sent 2026-10-04 pack 2026-09-29
245,Melwyn's Fitness,melwyns-fitness-llp,2026-09-29,melwynsfitness@gmail.com,melwynsfitness@gmail.com,yes,2026-10-04,melwynsfitness@gmail.com,,Melwyn,membership vs payroll,sent 2026-10-04 pack 2026-09-29
246,Vital Essence,vital-essence-private-limited,2026-09-29,Deepa.rao2@gmail.com,Deepa.rao2@gmail.com,yes,2026-10-04,Deepa.rao2@gmail.com,,Deepa,who owns month-end?,sent 2026-10-04 pack 2026-09-29
247,Lasarkaali Life Sciences,lasarkaali-life-sciences-private-limited,2026-09-29,wattamwarrupesh@gmail.com,wattamwarrupesh@gmail.com,yes,2026-10-04,wattamwarrupesh@gmail.com,,Rupesh,cash clarity at this stage,sent 2026-10-04 pack 2026-09-29
248,EarthyPromise,earthypromise-consumer-brands-private-limited,2026-09-29,care@earthypromise.in,care@earthypromise.in,yes,2026-10-04,care@earthypromise.in,,Rohith,who owns month-end?,sent 2026-10-04 pack 2026-09-29
249,Nutriq / Rani Rudrama,rani-rudrama-health-and-wellness-llp,2026-09-29,kpradeep4201@hotmail.com,kpradeep4201@hotmail.com; care@nutriq.in; rrwellnessllp@gmail.com,yes,2026-10-04,kpradeep4201@hotmail.com; care@nutriq.in; rrwellnessllp@gmail.com,,Pradheep,first batch books ready?,sent 2026-10-04 pack 2026-09-29
250,Flexcellence,flexcellence-wellness-private-limited,2026-09-29,avpanurag@gmail.com,avpanurag@gmail.com,yes,2026-10-04,avpanurag@gmail.com,,Anurag,who owns month-end?,sent 2026-10-04 pack 2026-09-29
251,Prathibha Herbal,prathibha-herbal-private-limited,2026-09-29,anilkumarjoshi1954@gmail.com,anilkumarjoshi1954@gmail.com,yes,2026-10-04,anilkumarjoshi1954@gmail.com,,Anil,GST vs product clock,sent 2026-10-04 pack 2026-09-29
252,Dhakshin Wellness,dhakshin-wellness-and-ayurveda-private-limited,2026-09-29,dakshinayurveda@gmail.com,dakshinayurveda@gmail.com,yes,2026-10-04,dakshinayurveda@gmail.com,,Willson,clinic month-end,sent 2026-10-04 pack 2026-09-29
253,MentiB,mentib-consultancy-private-limited,2026-09-29,mentibofficial@gmail.com,mentibofficial@gmail.com; jyothichundu18@gmail.com,yes,2026-10-04,mentibofficial@gmail.com; jyothichundu18@gmail.com,,Madhurima,clinic month-end,sent 2026-10-04 pack 2026-09-29
254,Mirar Medical,mirar-medical-opc-private-limited,2026-09-29,support@mymirar.com,support@mymirar.com,yes,2026-10-04,support@mymirar.com,,Giri,GST vs product clock,sent 2026-10-04 pack 2026-09-29
255,Div Soma,div-soma-llp,2026-09-29,support@divsoma.com,support@divsoma.com; siddhant.varshney@yahoo.co.in,yes,2026-10-04,support@divsoma.com; siddhant.varshney@yahoo.co.in,,Dwijen,first batch books ready?,sent 2026-10-04 pack 2026-09-29
256,Better Food Factory / Ancient Eats,ancient-eats-private-limited,2026-09-29,support@betterfoodfactory.in,support@betterfoodfactory.in; dornalashriya@gmail.com,yes,2026-10-04,support@betterfoodfactory.in; dornalashriya@gmail.com,,Anurag,first batch books ready?,sent 2026-10-04 pack 2026-09-29
257,BlackWater Infusions,blackwater-infusions-private-limited,2026-09-29,mohdsuaidahmed@gmail.com,mohdsuaidahmed@gmail.com,yes,2026-10-04,mohdsuaidahmed@gmail.com,,Suaid,who owns month-end?,sent 2026-10-04 pack 2026-09-29
258,Eranyash Rehabilitation,eranyash-rehabilitation-services-opc-private-limited,2026-09-29,e.sahith@gmail.com,e.sahith@gmail.com,yes,2026-10-04,e.sahith@gmail.com,,Sahith,clinic month-end,sent 2026-10-04 pack 2026-09-29
259,Syndy Life Science,syndy-life-science-private-limited,2026-09-29,syndylifescience@gmail.com,syndylifescience@gmail.com; info@syndygroups.com,yes,2026-10-04,syndylifescience@gmail.com; info@syndygroups.com,,Lakshmi,GST vs product clock,sent 2026-10-04 pack 2026-09-29
260,NutriPeak,nutri-peak-private-limited,2026-09-29,kunald.585@gmail.com,kunald.585@gmail.com; care@nutripeak.in; info@nutripeak.in,yes,2026-10-04,kunald.585@gmail.com; care@nutripeak.in; info@nutripeak.in,,Kunal,first batch books ready?,sent 2026-10-04 pack 2026-09-29
261,Neranta Hygiene Products,neranta-hygiene-products-private-limited,2026-09-29,singhhraj003@gmail.com,singhhraj003@gmail.com,yes,2026-10-04,singhhraj003@gmail.com,,Rajeev,who owns month-end?,sent 2026-10-04 pack 2026-09-29
262,Mindset Maximus,mindset-maximus-private-limited,2026-09-29,team@mindsetmaximus.com,team@mindsetmaximus.com; rahul@mindsetmaximus.com,yes,2026-10-04,team@mindsetmaximus.com; rahul@mindsetmaximus.com,,Rahul,cash clarity at this stage,sent 2026-10-04 pack 2026-09-29
263,Sanoy / Heugah,heugah-luxury-goods-private-limited,2026-09-30,bmurty@heugah.com,bmurty@heugah.com; feedback@sanoycare.com,yes,2026-10-04,bmurty@heugah.com; feedback@sanoycare.com,,Bhanumurty,who owns month-end?,sent 2026-10-04 pack 2026-09-30
264,Erdwater,erdwater-private-limited,2026-09-30,erdwater24@gmail.com,erdwater24@gmail.com,yes,2026-10-04,erdwater24@gmail.com,,Padma,GST vs product clock,sent 2026-10-04 pack 2026-09-30
265,AideFit,aidefit-health-and-fitness-solutions-llp,2026-09-30,aidefitofficial@gmail.com,aidefitofficial@gmail.com,yes,2026-10-04,aidefitofficial@gmail.com,,Puneet,cash clarity at this stage,sent 2026-10-04 pack 2026-09-30
266,Manaha / Beat Stigma Heal Now,beat-stigma-heal-now-llp,2026-09-30,drjyothirmayimd@gmail.com,drjyothirmayimd@gmail.com; appointments@manahaclinic.com,yes,2026-10-04,drjyothirmayimd@gmail.com; appointments@manahaclinic.com,,Jyothirmayi,clinic month-end,sent 2026-10-04 pack 2026-09-30
267,OP Neuro Cure,opneuro-cure-private-limited,2026-09-30,info@opneurocurepvtltd.com,info@opneurocurepvtltd.com; dromprakash9876@gmail.com,yes,2026-10-04,info@opneurocurepvtltd.com; dromprakash9876@gmail.com,,Om Prakash,clinic month-end,sent 2026-10-04 pack 2026-09-30
268,Sowaka Wellness,sowaka-wellness-private-limited,2026-09-30,rohit.gudniye@mail.ca.in,rohit.gudniye@mail.ca.in,yes,2026-10-04,rohit.gudniye@mail.ca.in,,Rohit,cash clarity at this stage,sent 2026-10-04 pack 2026-09-30
269,Herbal Rejoice / Kalasvi Cares,kalasvi-cares-opc-private-limited,2026-09-30,kalasvigroup@gmail.com,kalasvigroup@gmail.com; contact@herbalrejoice.com,yes,2026-10-04,kalasvigroup@gmail.com; contact@herbalrejoice.com,,Tejasvi,who owns month-end?,sent 2026-10-04 pack 2026-09-30
270,From My Dentist / Credessence,credessence-healthcare-private-limited,2026-09-30,nabila.farnaaz@gmail.com,nabila.farnaaz@gmail.com,yes,2026-10-04,nabila.farnaaz@gmail.com,,Nabila,who owns month-end?,sent 2026-10-04 pack 2026-09-30
271,Erthe & Skkin / Akquva,akquva-skkin-solutions-opc-private-limited,2026-09-30,info@ertheandskkin.com,info@ertheandskkin.com; arpi.arpitha1995@gmail.com,yes,2026-10-04,info@ertheandskkin.com; arpi.arpitha1995@gmail.com,,Arpitha,who owns month-end?,sent 2026-10-04 pack 2026-09-30
272,Triphysio,triphysio-therapy,2026-09-30,triphysiotherapyhealthcare@gmail.com,triphysiotherapyhealthcare@gmail.com,yes,2026-10-04,triphysiotherapyhealthcare@gmail.com,,Thukaram,clinic month-end,sent 2026-10-04 pack 2026-09-30
273,Ayush Herbals,ayush-herbals-naturals-opc-private-limited,2026-09-30,support@ayush.online,support@ayush.online,yes,2026-10-04,support@ayush.online,,Srinivasa,who owns month-end?,sent 2026-10-04 pack 2026-09-30
274,Ethika Worklife,zuva-worklife-private-limited,2026-09-30,happycatalysts@gmail.com,happycatalysts@gmail.com,yes,2026-10-04,happycatalysts@gmail.com,,Shiva,cash clarity at this stage,sent 2026-10-04 pack 2026-09-30
275,Ayoohoo,ayoohoo,2026-09-30,sikhoya@gmail.com,sikhoya@gmail.com,yes,2026-10-04,sikhoya@gmail.com,,Sameer,cash clarity at this stage,sent 2026-10-04 pack 2026-09-30
276,Vaaruni Health Care,vaaruni-health-care-services-private-limited,2026-09-30,vamshikrishna.thirunahari@gmail.com,vamshikrishna.thirunahari@gmail.com,yes,2026-10-04,vamshikrishna.thirunahari@gmail.com,,Vamshi,cash clarity at this stage,sent 2026-10-04 pack 2026-09-30
277,Cosmo Radiance,sunders-cosmo-radiance-hospitals-privatelimited,2026-09-30,contact@cosmoradiance.com,contact@cosmoradiance.com; sundergroup@gmail.com,yes,2026-10-04,contact@cosmoradiance.com; sundergroup@gmail.com,,Prem,clinic month-end,sent 2026-10-04 pack 2026-09-30
278,Pari Vet Care,pari-vet-care-private-limited,2026-09-30,krishna@parivetcare.com,krishna@parivetcare.com,yes,2026-10-04,krishna@parivetcare.com,,Krishna,clinic month-end,sent 2026-10-04 pack 2026-09-30
279,XnY Health / Pinakin,pinakin-initiatives-llp,2026-09-30,garapatihbs@gmail.com,garapatihbs@gmail.com; info@xnyhealth.com,yes,2026-10-04,garapatihbs@gmail.com; info@xnyhealth.com,,Hima,clinic month-end,sent 2026-10-04 pack 2026-09-30
280,Kalories,kalories-nutra-solutions-private-limited,2026-09-30,love@kalories.in,love@kalories.in; love@kalories.fun,yes,2026-10-04,love@kalories.in; love@kalories.fun,,Rakesh,who owns month-end?,sent 2026-10-04 pack 2026-09-30
281,GrowScience Nutrition,growscience-nutrition-and-health-privatelimited,2026-09-30,ho@growsciencenutrition.com,ho@growsciencenutrition.com; karthik.growelformulations@gmail.com,yes,2026-10-04,ho@growsciencenutrition.com; karthik.growelformulations@gmail.com,,Karthik,GST vs product clock,sent 2026-10-04 pack 2026-09-30
282,Childpedia,childpedia-healthcare-private-limited,2026-09-30,priyankareddy451@gmail.com,priyankareddy451@gmail.com,yes,2026-10-04,priyankareddy451@gmail.com,,Priyanka,cash clarity at this stage,sent 2026-10-04 pack 2026-09-30
283,Pardhu Herbal Wonders,pardhu-herbal-wonders-private-limited,2026-10-01,PHW.kirti@gmail.com,PHW.kirti@gmail.com,yes,2026-10-04,PHW.kirti@gmail.com,,Kirti,GST vs product clock,sent 2026-10-04 pack 2026-10-01
284,Glow Aesthetic,glow-aesthetic-llp,2026-10-01,info@glow.clinic,info@glow.clinic; rohit@sanco.us,yes,2026-10-04,info@glow.clinic; rohit@sanco.us,,Varshini,remedy sales and month-end,sent 2026-10-04 pack 2026-10-01
285,Dr. Mix,dr-mix-private-limited,2026-10-01,contact@drmix.in,contact@drmix.in; help@maasicare.com; maasicare@gmail.com,yes,2026-10-04,contact@drmix.in; help@maasicare.com; maasicare@gmail.com,,Tanima,remedy sales and month-end,sent 2026-10-04 pack 2026-10-01
286,Loka Laboratories / LivNow,loka-laboratories,2026-10-01,vamsi.venuganti@gmail.com,vamsi.venuganti@gmail.com; lokalaboratories@gmail.com,yes,2026-10-04,vamsi.venuganti@gmail.com; lokalaboratories@gmail.com,,Vamsi,who owns month-end?,sent 2026-10-04 pack 2026-10-01
287,Zaalive,zaalive,2026-10-01,krivikartikeyallp@gmail.com,krivikartikeyallp@gmail.com,yes,2026-10-04,krivikartikeyallp@gmail.com,,Nikhil,who owns month-end?,sent 2026-10-04 pack 2026-10-01
288,Ojaska,ojaska-private-limited,2026-10-01,contactus@ojaska.com,contactus@ojaska.com; Sarat_Addanki@yahoo.com,yes,2026-10-04,contactus@ojaska.com; Sarat_Addanki@yahoo.com,,Sarat,who owns month-end?,sent 2026-10-04 pack 2026-10-01
289,Neevo Life,neevo-life-private-limited,2026-10-01,neevo.life@gmail.com,neevo.life@gmail.com; hi@neevo.life,yes,2026-10-04,neevo.life@gmail.com; hi@neevo.life,,Shashikant,who owns month-end?,sent 2026-10-04 pack 2026-10-01
290,GigaCare,gigacare-health-services-private-limited,2026-10-01,praveen@gigacare.in,praveen@gigacare.in; en@gigacare.in,yes,2026-10-04,praveen@gigacare.in; en@gigacare.in,,Praveen,cash clarity at this stage,sent 2026-10-04 pack 2026-10-01
291,TNB Aesthetic Secrets,tnbian-aesthetic-secrets-private-limited,2026-10-01,abbu.bds@gmail.com,abbu.bds@gmail.com; tnb_aestheticsecrets@gmail.com,yes,2026-10-04,abbu.bds@gmail.com; tnb_aestheticsecrets@gmail.com,,Abraruddin,clinic month-end,sent 2026-10-04 pack 2026-10-01
292,Yoda Diagnostics,yoda-lifeline-diagnostics-private-limited,2026-10-01,customersupport@yodadiagnostics.com,customersupport@yodadiagnostics.com; helpdesk@yodalifeline.in; info.yodalifeline@gmail.com,yes,2026-10-04,customersupport@yodadiagnostics.com; helpdesk@yodalifeline.in; info.yodalifeline@gmail.com,,Sudhakar,cash clarity at this stage,sent 2026-10-04 pack 2026-10-01
293,Paperwhite / Shree Vasya,shree-vasya-vaaraahi-bharath-private-limited,2026-10-01,shreevasya.22@gmail.com,shreevasya.22@gmail.com,yes,2026-10-04,shreevasya.22@gmail.com,,Vyshali,who owns month-end?,sent 2026-10-04 pack 2026-10-01
294,Shift Fitness,fitness-shift-international-india-private-limited,2026-10-01,reachus@shiftfitness.in,reachus@shiftfitness.in; dilipkumar@shiftfitness.in; dilipgoud@narenfitness.com,yes,2026-10-04,reachus@shiftfitness.in; dilipkumar@shiftfitness.in; dilipgoud@narenfitness.com,,Dilip,membership vs payroll,sent 2026-10-04 pack 2026-10-01
295,Avisya Elder Care,avisya-services-private-limited,2026-10-01,wecare@avisyacare.com,wecare@avisyacare.com; ajay@avisyacare.com; ajay.mariyala5@gmail.com,yes,2026-10-04,wecare@avisyacare.com; ajay@avisyacare.com; ajay.mariyala5@gmail.com,,Ajay,clinic month-end,sent 2026-10-04 pack 2026-10-01
296,Jamex Lifesciences,jamex-lifesciences-llp,2026-10-01,jamexlifesciences@gmail.com,jamexlifesciences@gmail.com; mipharmaids@gmail.com,yes,2026-10-04,jamexlifesciences@gmail.com; mipharmaids@gmail.com,,Abhishek,GST vs product clock,sent 2026-10-04 pack 2026-10-01
297,19 Beauty Secrets / Bhuvan Beauty,bhuvan-beauty-healthcare-india-private-limited,2026-10-01,the19beautysecrets@gmail.com,the19beautysecrets@gmail.com; marketing.the19beautysecrets@gmail.com; bhuvan181085@gmail.com,yes,2026-10-04,the19beautysecrets@gmail.com; marketing.the19beautysecrets@gmail.com; bhuvan181085@gmail.com,,Bhuvan,clinic month-end,sent 2026-10-04 pack 2026-10-01
298,Aurumveda,aurumveda-health-private-limited,2026-10-01,contact@aurumveda.com,contact@aurumveda.com,yes,2026-10-04,contact@aurumveda.com,,Anwar,who owns month-end?,sent 2026-10-04 pack 2026-10-01
299,7 Dots Smart Solutions,7-dots-smart-solutions-opc-pvt-ltd,2026-10-01,business@7dotss.com,business@7dotss.com; 7dotssmartsolutions@gmail.com; rakeshgudipudi@gmail.com,yes,2026-10-04,business@7dotss.com; 7dotssmartsolutions@gmail.com; rakeshgudipudi@gmail.com,,Suhasini,cash clarity at this stage,sent 2026-10-04 pack 2026-10-01
300,Zoy / Zoys Healthcare,zoys-healthcare-services-private-limited,2026-10-01,connect@zoyshealthcare.com,connect@zoyshealthcare.com; RAM1022@GMAIL.COM,yes,2026-10-04,connect@zoyshealthcare.com; RAM1022@GMAIL.COM,,Zoya,clinic month-end,sent 2026-10-04 pack 2026-10-01
301,Natur5 Herbs,natur5-herbs-llp,2026-10-01,sudeep@natur5.in,sudeep@natur5.in,yes,2026-10-04,sudeep@natur5.in,,Sudeep,cash clarity at this stage,sent 2026-10-04 pack 2026-10-01
302,Life108,life-108-healthcare-private-limited,2026-10-01,life108healthcareltd@gmail.com,life108healthcareltd@gmail.com; niharinfo1995@gmail.com,yes,2026-10-04,life108healthcareltd@gmail.com; niharinfo1995@gmail.com,,Divyesh,who owns month-end?,sent 2026-10-04 pack 2026-10-01
303,Bodhi Wellness Spa,bodhi-wellness-spa-llp,2026-10-02,bodhiwellness.hyd@gmail.com,bodhiwellness.hyd@gmail.com; admin@drbodhi.in; support@drbodhi.in,yes,2026-10-04,bodhiwellness.hyd@gmail.com; admin@drbodhi.in; support@drbodhi.in,,Lalbiakdiki,membership vs payroll,sent 2026-10-04 pack 2026-10-02
304,Biogenic Products,biogenic-products-private-limited,2026-10-02,biogenicproducts@gmail.com,biogenicproducts@gmail.com; skdokuparthi@gmail.com,yes,2026-10-04,biogenicproducts@gmail.com; skdokuparthi@gmail.com,,Suresh,cash clarity at this stage,sent 2026-10-04 pack 2026-10-02
305,Wishealth,dr-sudheer-s-wishealth-private-limited,2026-10-02,drswishealth@gmail.com,drswishealth@gmail.com; info@wishealth.com,yes,2026-10-04,drswishealth@gmail.com; info@wishealth.com,,Sudheer,clinic month-end,sent 2026-10-04 pack 2026-10-02
306,Kaiteki Innovations,kaiteki-innovations-private-limited,2026-10-02,raghu.d@kaitekiinnovations.com,raghu.d@kaitekiinnovations.com,yes,2026-10-04,raghu.d@kaitekiinnovations.com,,Raghu,who owns month-end?,sent 2026-10-04 pack 2026-10-02
307,Dr. Rao's Life Sciences,dr-raos-life-sciences-private-limited,2026-10-02,info@drraosls.com,info@drraosls.com; ymv.maruthi@gmail.com,yes,2026-10-04,info@drraosls.com; ymv.maruthi@gmail.com,,Venkatamaruthirao,cash clarity at this stage,sent 2026-10-04 pack 2026-10-02
308,Gastro Care Clinics,giclinics-private-limited,2026-10-02,hello@gastrocareclinics.com,hello@gastrocareclinics.com; admin@gastrocare.com,yes,2026-10-04,hello@gastrocareclinics.com; admin@gastrocare.com,,Abhilash,clinic month-end,sent 2026-10-04 pack 2026-10-02
309,Opentalk,access-mental-health-private-limited,2026-10-02,contact@open-talk.co,contact@open-talk.co; srpranavhebbar@gmail.com,yes,2026-10-04,contact@open-talk.co; srpranavhebbar@gmail.com,,Pranav,clinic month-end,sent 2026-10-04 pack 2026-10-02
310,Bruce Lee Freestyle Fitness,bruce-lee-freestyle-fitness-private-limited,2026-10-02,srikarkotagiri9@gmail.com,srikarkotagiri9@gmail.com; srikarkotagiri@gmail.com,yes,2026-10-04,srikarkotagiri9@gmail.com; srikarkotagiri@gmail.com,,Srikar,membership vs payroll,sent 2026-10-04 pack 2026-10-02
311,CtrlAltHeal,heal-and-live-private-limited,2026-10-02,hello@ctrlaltheal.in,hello@ctrlaltheal.in; prasenjit@ctrlaltheal.com; info@vsheal.com,yes,2026-10-04,hello@ctrlaltheal.in; prasenjit@ctrlaltheal.com; info@vsheal.com,,Priyanka,membership vs payroll,sent 2026-10-04 pack 2026-10-02
312,Purple Life Sciences,purple-life-sciences-private-limited,2026-10-02,support@purplelifesciences.com,support@purplelifesciences.com; mani@purplelifesciences.com; ceo@purplelifesciences.com; Mani.kanta816@gmail.com,yes,2026-10-04,support@purplelifesciences.com; mani@purplelifesciences.com; ceo@purplelifesciences.com; Mani.kanta816@gmail.com,,Manikanta,who owns month-end?,sent 2026-10-04 pack 2026-10-02
313,Tanmantra Ayurveda,tanmantra-ayurveda-india-private-limited,2026-10-02,corporate@tanmantra.in,corporate@tanmantra.in,yes,2026-10-04,corporate@tanmantra.in,,Simha,GST vs product clock,sent 2026-10-04 pack 2026-10-02
314,Instashield,instashield-india-private-limited,2026-10-02,info@instashield.org,info@instashield.org; instashieldindia@gmail.com,yes,2026-10-04,info@instashield.org; instashieldindia@gmail.com,,Narsimhachary,who owns month-end?,sent 2026-10-04 pack 2026-10-02
315,Nutraferon,nutraferon-private-limited,2026-10-02,business@nutraferon.com,business@nutraferon.com; support@nutraferon.com; hr@nutraferon.com; nutraferon@gmail.com,yes,2026-10-04,business@nutraferon.com; support@nutraferon.com; hr@nutraferon.com; nutraferon@gmail.com,,Sadanand,GST vs product clock,sent 2026-10-04 pack 2026-10-02
316,Skandhanshi Naturals,skandhanshi-naturals-private-limited,2026-10-02,mddesk@skandhanshi.com,mddesk@skandhanshi.com; info@skandhanshi.com,yes,2026-10-04,mddesk@skandhanshi.com; info@skandhanshi.com,,Suresh,who owns month-end?,sent 2026-10-04 pack 2026-10-02
317,365Veda,365-wellness-and-healthtech-private-limited,2026-10-02,hello@365veda.com,hello@365veda.com; harshit.gohil@365veda.com,yes,2026-10-04,hello@365veda.com; harshit.gohil@365veda.com,,Harshit,who owns month-end?,sent 2026-10-04 pack 2026-10-02
318,Havoc Therapy,havoc-therapy-private-limited,2026-10-02,hello@havoctherapy.com,hello@havoctherapy.com; siddharthragi82@gmail.com,yes,2026-10-04,hello@havoctherapy.com; siddharthragi82@gmail.com,,Siddharth,clinic month-end,sent 2026-10-04 pack 2026-10-02
319,Vivid Nutripharm,vivid-nutripharm-private-limited,2026-10-02,info@vividnutripharm.com,info@vividnutripharm.com; marketing@vividnutripharm.com; darahasinichalamalasetti@gmail.com,yes,2026-10-04,info@vividnutripharm.com; marketing@vividnutripharm.com; darahasinichalamalasetti@gmail.com,,Darahasini,who owns month-end?,sent 2026-10-04 pack 2026-10-02
320,Clearcals,clearcals-private-limited,2026-10-02,krishna.athmakuri@clearcals.com,krishna.athmakuri@clearcals.com; support@clearcals.com,yes,2026-10-04,krishna.athmakuri@clearcals.com; support@clearcals.com,,Krishna,cash clarity at this stage,sent 2026-10-04 pack 2026-10-02
321,3000BC Therapeutics,3000bc-therapeutics-llp,2026-10-02,contact@3000bctherapeutics.com,contact@3000bctherapeutics.com; sangeeta@3000bctherapeutics.com,yes,2026-10-04,contact@3000bctherapeutics.com; sangeeta@3000bctherapeutics.com,,Sangeeta,who owns month-end?,sent 2026-10-04 pack 2026-10-02
322,Winmak Nutrilabs,winmak-nutrilabs-private-limited,2026-10-02,vitaminsandme@winmak.in,vitaminsandme@winmak.in; info@winmak.in; nutramito@winmak.in; rxsudheer@gmail.com,yes,2026-10-04,vitaminsandme@winmak.in; info@winmak.in; nutramito@winmak.in; rxsudheer@gmail.com,,Sudheer,who owns month-end?,sent 2026-10-04 pack 2026-10-02
323,Toxin Taxation,toxin-taxation-private-limited,2026-10-05,info@toxintaxation.com,info@toxintaxation.com; somaniashok@gmail.com,yes,2026-10-05,info@toxintaxation.com; somaniashok@gmail.com,,Surabhi,who owns month-end?,sent 2026-10-05 pack 2026-10-05
324,Oxylus Nutraceuticals,oxylus-nutraceuticals-private-limited,2026-10-05,malleshmandha2015@gmail.com,malleshmandha2015@gmail.com,yes,2026-10-05,malleshmandha2015@gmail.com,,Mallesh,GST vs product clock,sent 2026-10-05 pack 2026-10-05
325,Fitbee,clf-14-martial-arts-private-limited,2026-10-05,support@fitb.ee,support@fitb.ee,yes,2026-10-05,support@fitb.ee,,Prathima,membership vs payroll,sent 2026-10-05 pack 2026-10-05
326,Palasah,palasah-manufacturers-and-traders-private-limited,2026-10-05,enquire@palasah.in,enquire@palasah.in; forherhygiene@gmail.com; harinichodagam@gmail.com,yes,2026-10-05,enquire@palasah.in; forherhygiene@gmail.com; harinichodagam@gmail.com,,Harini,GST vs product clock,sent 2026-10-05 pack 2026-10-05
327,Yoganta,yoganta-technologies-private-limited,2026-10-05,hello@yoganta.in,hello@yoganta.in,yes,2026-10-05,hello@yoganta.in,,Raushan,membership vs payroll,sent 2026-10-05 pack 2026-10-05
328,Ancient Living,ancient-living-products-private-limited,2026-10-05,info@ancientliving.in,info@ancientliving.in,yes,2026-10-05,info@ancientliving.in,,Kalyani,who owns month-end?,sent 2026-10-05 pack 2026-10-05
329,MumzHub,new-mumzhub-private-limited,2026-10-05,mumzhub@gmail.com,mumzhub@gmail.com; thenewmumzclub@gmail.com,yes,2026-10-05,mumzhub@gmail.com; thenewmumzclub@gmail.com,,Hasini,who owns month-end?,sent 2026-10-05 pack 2026-10-05
330,Med C Pharma,med-c-pharma-private-limited,2026-10-05,amarbabug@gmail.com,amarbabug@gmail.com; customercare@medcpharma.com,yes,2026-10-05,amarbabug@gmail.com; customercare@medcpharma.com,,Amar,who owns month-end?,sent 2026-10-05 pack 2026-10-05
331,Jain Lifesciences / Herb Essential,jain-lifesciences-private-limited,2026-10-05,ravinder@jainayurvedic.com,ravinder@jainayurvedic.com; mail@herbessential.in,yes,2026-10-05,ravinder@jainayurvedic.com; mail@herbessential.in,,Ravinder,who owns month-end?,sent 2026-10-05 pack 2026-10-05
332,Cipher Oncology / CION,cipher-oncology-private-limited,2026-10-05,sonali.srungaram@cipherhealthcare.com,sonali.srungaram@cipherhealthcare.com; info@cancerclinics.in,yes,2026-10-05,sonali.srungaram@cipherhealthcare.com; info@cancerclinics.in,,Sonali,clinic month-end,sent 2026-10-05 pack 2026-10-05
333,Gymclan / Fitpaa,gymclan-health-and-fitness-services-private-limited,2026-10-05,contact@gymclan.com,contact@gymclan.com,yes,2026-10-05,contact@gymclan.com,,Gowtham,membership vs payroll,sent 2026-10-05 pack 2026-10-05
334,GetSet.Fit / Fitorbit,getset-fit,2026-10-05,team@getsetfit.co,team@getsetfit.co; support@getsetfit.co; priyank2990@gmail.com,yes,2026-10-05,team@getsetfit.co; support@getsetfit.co; priyank2990@gmail.com,,Priyank,membership vs payroll,sent 2026-10-05 pack 2026-10-05
335,Pyrite Fitness,pyrite-fitness-private-limited,2026-10-05,satish@pyritefitness.com,satish@pyritefitness.com; support@pyritefitness.com,yes,2026-10-05,satish@pyritefitness.com; support@pyritefitness.com,,Satish,who owns month-end?,sent 2026-10-05 pack 2026-10-05
336,N ColdPressed / SS Fitness,ss-fitness-private-limited,2026-10-05,contact@ncoldpressed.com,contact@ncoldpressed.com; amitesh.sharma@outlook.com,yes,2026-10-05,contact@ncoldpressed.com; amitesh.sharma@outlook.com,,Amitesh,who owns month-end?,sent 2026-10-05 pack 2026-10-05
337,Dr. Saxena Integrative Medicine,dr-saxena-integrative-medicine-private-limited,2026-10-05,info@drsaxenaclinic.com,info@drsaxenaclinic.com; 26healthyheart@gmail.com,yes,2026-10-05,info@drsaxenaclinic.com; 26healthyheart@gmail.com,,Praveen,clinic month-end,sent 2026-10-05 pack 2026-10-05
338,Modify That Mind,modify-that-mind,2026-10-05,info@shinrayhealth.com,info@shinrayhealth.com; meghana.antharyaami@gmail.com,yes,2026-10-05,info@shinrayhealth.com; meghana.antharyaami@gmail.com,,Meghana,who owns month-end?,sent 2026-10-05 pack 2026-10-05
339,Genomelabs,genomelabs-bio-private-limited,2026-10-05,info@genomelabs.com,info@genomelabs.com; accounts@genomelabs.com,yes,2026-10-05,info@genomelabs.com; accounts@genomelabs.com,,Nagaraju,GST vs product clock,sent 2026-10-05 pack 2026-10-05
340,Nanocare / NanoHealth,nanocare-health-services-private-limited,2026-10-05,manish.ranjan@nanohealth.in,manish.ranjan@nanohealth.in; contact@nanohealth.in,yes,2026-10-05,manish.ranjan@nanohealth.in; contact@nanohealth.in,,Manish,cash clarity at this stage,sent 2026-10-05 pack 2026-10-05
341,Adyant Healthcare,adyant-healthcare-private-limited,2026-10-05,lalithanr@gmail.com,lalithanr@gmail.com,yes,2026-10-05,lalithanr@gmail.com,,Lalitha,GST vs product clock,sent 2026-10-05 pack 2026-10-05
342,Xtraliving,xtraliving-private-limited,2026-10-05,admin@xtraliving.org,admin@xtraliving.org; x.rishi@gmail.com,yes,2026-10-05,admin@xtraliving.org; x.rishi@gmail.com,,Rishikesh,who owns month-end?,sent 2026-10-05 pack 2026-10-05
343,Ayucar Labs,ayucar-labs,2026-10-06,support@ayucarlabs.com,support@ayucarlabs.com,yes,2026-10-06,support@ayucarlabs.com,,Manohar,GST vs product clock,sent 2026-10-06 pack 2026-10-06
344,Rxshopy,rxshopy-india-private-limited,2026-10-06,bhagya2912@gmail.com,bhagya2912@gmail.com,yes,2026-10-06,bhagya2912@gmail.com,,Venkateswara,GST vs product clock,sent 2026-10-06 pack 2026-10-06
345,JLMUSH,susmitha,2026-10-06,jlgroupofcompanies@gmail.com,jlgroupofcompanies@gmail.com,yes,2026-10-06,jlgroupofcompanies@gmail.com,,Susmitha,clinic month-end,sent 2026-10-06 pack 2026-10-06
346,Siddaguru Ecommerce,siddaguru-ecommerce-llp,2026-10-06,TALLURIVRM@YAHOO.CO.IN,TALLURIVRM@YAHOO.CO.IN,yes,2026-10-06,TALLURIVRM@YAHOO.CO.IN,,Ramana,GST vs product clock,sent 2026-10-06 pack 2026-10-06
347,Asian Transcare,asian-transcare-llp,2026-10-06,drsunilreddyt@gmail.com,drsunilreddyt@gmail.com,yes,2026-10-06,drsunilreddyt@gmail.com,,Sunil,clinic month-end,sent 2026-10-06 pack 2026-10-06
348,Happy Healthy Life,happy-healthy-life-private-limited,2026-10-06,bharath.yedma@gmail.com,bharath.yedma@gmail.com,yes,2026-10-06,bharath.yedma@gmail.com,,Bharath,cash clarity at this stage,sent 2026-10-06 pack 2026-10-06
349,Hausos Ventures,hausos-ventures-private-limited,2026-10-06,anneysa.ghosh@gmail.com,anneysa.ghosh@gmail.com,yes,2026-10-06,anneysa.ghosh@gmail.com,,Anneysa,cash clarity at this stage,sent 2026-10-06 pack 2026-10-06
350,HealthAnlytx,healthanlytx-private-limited,2026-10-06,support@healthanlytx.com,support@healthanlytx.com,yes,2026-10-06,support@healthanlytx.com,,Jaswanth,cash clarity at this stage,sent 2026-10-06 pack 2026-10-06
351,Dr. Verma's Biological Laboratories,dr-vermas-biological-laboratories-private-limited,2026-10-06,drvermasbiolabs@gmail.com,drvermasbiolabs@gmail.com,yes,2026-10-06,drvermasbiolabs@gmail.com,,Sunil,GST vs product clock,sent 2026-10-06 pack 2026-10-06
352,UrbOx,jlsr-wellness-private-limited,2026-10-06,info@urbox.in,info@urbox.in; vanitapokar@gmail.com,yes,2026-10-06,info@urbox.in; vanitapokar@gmail.com,,Vanita,GST vs product clock,sent 2026-10-06 pack 2026-10-06
353,Tusk Oral Care,tusk-oral-care-private-limited,2026-10-06,omtanwar@gmail.com,omtanwar@gmail.com,yes,2026-10-06,omtanwar@gmail.com,,Om,cash clarity at this stage,sent 2026-10-06 pack 2026-10-06
354,Certainty Health Care,certainty-health-care-private-limited,2026-10-06,mallaiah.sathu@gmail.com,mallaiah.sathu@gmail.com,yes,2026-10-06,mallaiah.sathu@gmail.com,,Mallaiah,cash clarity at this stage,sent 2026-10-06 pack 2026-10-06
355,HECOLL,dibbu-solutions-private-limited,2026-10-06,nathaladeepthi@gmail.com,nathaladeepthi@gmail.com,yes,2026-10-06,nathaladeepthi@gmail.com,,Deepthi,GST vs product clock,sent 2026-10-06 pack 2026-10-06
356,Nourishwel,nourishwel,2026-10-06,mallu.chandana@gmail.com,mallu.chandana@gmail.com,yes,2026-10-06,mallu.chandana@gmail.com,,Chandana,clinic month-end,sent 2026-10-06 pack 2026-10-06
357,Plus100years,plus100years,2026-10-06,info@plus100years.com,info@plus100years.com; 100plusyears@gmail.com,yes,2026-10-06,info@plus100years.com; 100plusyears@gmail.com,,Pavan,cash clarity at this stage,sent 2026-10-06 pack 2026-10-06
358,Heat2Comfort,latent-heat2comfort-technologies-privatelimited,2026-10-06,support@heat2comfort.com,support@heat2comfort.com; kuchibhatlas@heat2comfort.com; neowarm@heat2comfort.com,yes,2026-10-06,support@heat2comfort.com; kuchibhatlas@heat2comfort.com; neowarm@heat2comfort.com,,Satyanarayana,GST vs product clock,sent 2026-10-06 pack 2026-10-06
359,LivOLyf,livolyf-products-services-private-limited,2026-10-06,livolyf@gmail.com,livolyf@gmail.com,yes,2026-10-06,livolyf@gmail.com,,team,who owns month-end?,sent 2026-10-06 pack 2026-10-06
360,Ucha Herbs,ucha-herbs-private-limited,2026-10-06,sujjisai@gmail.com,sujjisai@gmail.com,yes,2026-10-06,sujjisai@gmail.com,,Sujitha,cash clarity at this stage,sent 2026-10-06 pack 2026-10-06
361,Truvisory Healthcare,truvisory,2026-10-06,nandigamrahul@gmail.com,nandigamrahul@gmail.com,yes,2026-10-06,nandigamrahul@gmail.com,,Rahul,cash clarity at this stage,sent 2026-10-06 pack 2026-10-06
362,Hyd Hemp,hyd-hemp-india-private-limited,2026-10-06,rajasekharganta646@gmail.com,rajasekharganta646@gmail.com,yes,2026-10-06,rajasekharganta646@gmail.com,,Rajasekhar,GST vs product clock,sent 2026-10-06 pack 2026-10-06
